<?xml version="1.0" encoding="UTF-8"?>
<!DOCTYPE mapper PUBLIC "-//mybatis.org//DTD Mapper 3.0//EN" "http://mybatis.org/dtd/mybatis-3-mapper.dtd">
<mapper namespace="me.lishuo.dao.DbMapper">
  <resultMap id="BaseResultMap" type="me.lishuo.model.Db">
    <id column="Host" jdbcType="CHAR" property="host" />
    <id column="Db" jdbcType="CHAR" property="db" />
    <id column="User" jdbcType="CHAR" property="user" />
    <result column="Select_priv" jdbcType="CHAR" property="select_priv" />
    <result column="Insert_priv" jdbcType="CHAR" property="insert_priv" />
    <result column="Update_priv" jdbcType="CHAR" property="update_priv" />
    <result column="Delete_priv" jdbcType="CHAR" property="delete_priv" />
    <result column="Create_priv" jdbcType="CHAR" property="create_priv" />
    <result column="Drop_priv" jdbcType="CHAR" property="drop_priv" />
    <result column="Grant_priv" jdbcType="CHAR" property="grant_priv" />
    <result column="References_priv" jdbcType="CHAR" property="references_priv" />
    <result column="Index_priv" jdbcType="CHAR" property="index_priv" />
    <result column="Alter_priv" jdbcType="CHAR" property="alter_priv" />
    <result column="Create_tmp_table_priv" jdbcType="CHAR" property="create_tmp_table_priv" />
    <result column="Lock_tables_priv" jdbcType="CHAR" property="lock_tables_priv" />
    <result column="Create_view_priv" jdbcType="CHAR" property="create_view_priv" />
    <result column="Show_view_priv" jdbcType="CHAR" property="show_view_priv" />
    <result column="Create_routine_priv" jdbcType="CHAR" property="create_routine_priv" />
    <result column="Alter_routine_priv" jdbcType="CHAR" property="alter_routine_priv" />
    <result column="Execute_priv" jdbcType="CHAR" property="execute_priv" />
    <result column="Event_priv" jdbcType="CHAR" property="event_priv" />
    <result column="Trigger_priv" jdbcType="CHAR" property="trigger_priv" />
  </resultMap>
  <sql id="Base_Column_List">
    Host, Db, User, Select_priv, Insert_priv, Update_priv, Delete_priv, Create_priv, 
    Drop_priv, Grant_priv, References_priv, Index_priv, Alter_priv, Create_tmp_table_priv, 
    Lock_tables_priv, Create_view_priv, Show_view_priv, Create_routine_priv, Alter_routine_priv, 
    Execute_priv, Event_priv, Trigger_priv
  </sql>
  <select id="selectByPrimaryKey" parameterType="me.lishuo.model.DbKey" resultMap="BaseResultMap">
    select 
    <include refid="Base_Column_List" />
    from db
    where Host = #{host,jdbcType=CHAR}
      and Db = #{db,jdbcType=CHAR}
      and User = #{user,jdbcType=CHAR}
  </select>
  <delete id="deleteByPrimaryKey" parameterType="me.lishuo.model.DbKey">
    delete from db
    where Host = #{host,jdbcType=CHAR}
      and Db = #{db,jdbcType=CHAR}
      and User = #{user,jdbcType=CHAR}
  </delete>
  <insert id="insert" parameterType="me.lishuo.model.Db">
    insert into db (Host, Db, User, Select_priv, 
      Insert_priv, Update_priv, Delete_priv, 
      Create_priv, Drop_priv, Grant_priv, 
      References_priv, Index_priv, Alter_priv, 
      Create_tmp_table_priv, Lock_tables_priv, Create_view_priv, 
      Show_view_priv, Create_routine_priv, Alter_routine_priv, 
      Execute_priv, Event_priv, Trigger_priv
      )
    values (#{host,jdbcType=CHAR}, #{db,jdbcType=CHAR}, #{user,jdbcType=CHAR}, #{select_priv,jdbcType=CHAR}, 
      #{insert_priv,jdbcType=CHAR}, #{update_priv,jdbcType=CHAR}, #{delete_priv,jdbcType=CHAR}, 
      #{create_priv,jdbcType=CHAR}, #{drop_priv,jdbcType=CHAR}, #{grant_priv,jdbcType=CHAR}, 
      #{references_priv,jdbcType=CHAR}, #{index_priv,jdbcType=CHAR}, #{alter_priv,jdbcType=CHAR}, 
      #{create_tmp_table_priv,jdbcType=CHAR}, #{lock_tables_priv,jdbcType=CHAR}, #{create_view_priv,jdbcType=CHAR}, 
      #{show_view_priv,jdbcType=CHAR}, #{create_routine_priv,jdbcType=CHAR}, #{alter_routine_priv,jdbcType=CHAR}, 
      #{execute_priv,jdbcType=CHAR}, #{event_priv,jdbcType=CHAR}, #{trigger_priv,jdbcType=CHAR}
      )
  </insert>
  <insert id="insertSelective" parameterType="me.lishuo.model.Db">
    insert into db
    <trim prefix="(" suffix=")" suffixOverrides=",">
      <if test="host != null">
        Host,
      </if>
      <if test="db != null">
        Db,
      </if>
      <if test="user != null">
        User,
      </if>
      <if test="select_priv != null">
        Select_priv,
      </if>
      <if test="insert_priv != null">
        Insert_priv,
      </if>
      <if test="update_priv != null">
        Update_priv,
      </if>
      <if test="delete_priv != null">
        Delete_priv,
      </if>
      <if test="create_priv != null">
        Create_priv,
      </if>
      <if test="drop_priv != null">
        Drop_priv,
      </if>
      <if test="grant_priv != null">
        Grant_priv,
      </if>
      <if test="references_priv != null">
        References_priv,
      </if>
      <if test="index_priv != null">
        Index_priv,
      </if>
      <if test="alter_priv != null">
        Alter_priv,
      </if>
      <if test="create_tmp_table_priv != null">
        Create_tmp_table_priv,
      </if>
      <if test="lock_tables_priv != null">
        Lock_tables_priv,
      </if>
      <if test="create_view_priv != null">
        Create_view_priv,
      </if>
      <if test="show_view_priv != null">
        Show_view_priv,
      </if>
      <if test="create_routine_priv != null">
        Create_routine_priv,
      </if>
      <if test="alter_routine_priv != null">
        Alter_routine_priv,
      </if>
      <if test="execute_priv != null">
        Execute_priv,
      </if>
      <if test="event_priv != null">
        Event_priv,
      </if>
      <if test="trigger_priv != null">
        Trigger_priv,
      </if>
    </trim>
    <trim prefix="values (" suffix=")" suffixOverrides=",">
      <if test="host != null">
        #{host,jdbcType=CHAR},
      </if>
      <if test="db != null">
        #{db,jdbcType=CHAR},
      </if>
      <if test="user != null">
        #{user,jdbcType=CHAR},
      </if>
      <if test="select_priv != null">
        #{select_priv,jdbcType=CHAR},
      </if>
      <if test="insert_priv != null">
        #{insert_priv,jdbcType=CHAR},
      </if>
      <if test="update_priv != null">
        #{update_priv,jdbcType=CHAR},
      </if>
      <if test="delete_priv != null">
        #{delete_priv,jdbcType=CHAR},
      </if>
      <if test="create_priv != null">
        #{create_priv,jdbcType=CHAR},
      </if>
      <if test="drop_priv != null">
        #{drop_priv,jdbcType=CHAR},
      </if>
      <if test="grant_priv != null">
        #{grant_priv,jdbcType=CHAR},
      </if>
      <if test="references_priv != null">
        #{references_priv,jdbcType=CHAR},
      </if>
      <if test="index_priv != null">
        #{index_priv,jdbcType=CHAR},
      </if>
      <if test="alter_priv != null">
        #{alter_priv,jdbcType=CHAR},
      </if>
      <if test="create_tmp_table_priv != null">
        #{create_tmp_table_priv,jdbcType=CHAR},
      </if>
      <if test="lock_tables_priv != null">
        #{lock_tables_priv,jdbcType=CHAR},
      </if>
      <if test="create_view_priv != null">
        #{create_view_priv,jdbcType=CHAR},
      </if>
      <if test="show_view_priv != null">
        #{show_view_priv,jdbcType=CHAR},
      </if>
      <if test="create_routine_priv != null">
        #{create_routine_priv,jdbcType=CHAR},
      </if>
      <if test="alter_routine_priv != null">
        #{alter_routine_priv,jdbcType=CHAR},
      </if>
      <if test="execute_priv != null">
        #{execute_priv,jdbcType=CHAR},
      </if>
      <if test="event_priv != null">
        #{event_priv,jdbcType=CHAR},
      </if>
      <if test="trigger_priv != null">
        #{trigger_priv,jdbcType=CHAR},
      </if>
    </trim>
  </insert>
  <update id="updateByPrimaryKeySelective" parameterType="me.lishuo.model.Db">
    update db
    <set>
      <if test="select_priv != null">
        Select_priv = #{select_priv,jdbcType=CHAR},
      </if>
      <if test="insert_priv != null">
        Insert_priv = #{insert_priv,jdbcType=CHAR},
      </if>
      <if test="update_priv != null">
        Update_priv = #{update_priv,jdbcType=CHAR},
      </if>
      <if test="delete_priv != null">
        Delete_priv = #{delete_priv,jdbcType=CHAR},
      </if>
      <if test="create_priv != null">
        Create_priv = #{create_priv,jdbcType=CHAR},
      </if>
      <if test="drop_priv != null">
        Drop_priv = #{drop_priv,jdbcType=CHAR},
      </if>
      <if test="grant_priv != null">
        Grant_priv = #{grant_priv,jdbcType=CHAR},
      </if>
      <if test="references_priv != null">
        References_priv = #{references_priv,jdbcType=CHAR},
      </if>
      <if test="index_priv != null">
        Index_priv = #{index_priv,jdbcType=CHAR},
      </if>
      <if test="alter_priv != null">
        Alter_priv = #{alter_priv,jdbcType=CHAR},
      </if>
      <if test="create_tmp_table_priv != null">
        Create_tmp_table_priv = #{create_tmp_table_priv,jdbcType=CHAR},
      </if>
      <if test="lock_tables_priv != null">
        Lock_tables_priv = #{lock_tables_priv,jdbcType=CHAR},
      </if>
      <if test="create_view_priv != null">
        Create_view_priv = #{create_view_priv,jdbcType=CHAR},
      </if>
      <if test="show_view_priv != null">
        Show_view_priv = #{show_view_priv,jdbcType=CHAR},
      </if>
      <if test="create_routine_priv != null">
        Create_routine_priv = #{create_routine_priv,jdbcType=CHAR},
      </if>
      <if test="alter_routine_priv != null">
        Alter_routine_priv = #{alter_routine_priv,jdbcType=CHAR},
      </if>
      <if test="execute_priv != null">
        Execute_priv = #{execute_priv,jdbcType=CHAR},
      </if>
      <if test="event_priv != null">
        Event_priv = #{event_priv,jdbcType=CHAR},
      </if>
      <if test="trigger_priv != null">
        Trigger_priv = #{trigger_priv,jdbcType=CHAR},
      </if>
    </set>
    where Host = #{host,jdbcType=CHAR}
      and Db = #{db,jdbcType=CHAR}
      and User = #{user,jdbcType=CHAR}
  </update>
  <update id="updateByPrimaryKey" parameterType="me.lishuo.model.Db">
    update db
    set Select_priv = #{select_priv,jdbcType=CHAR},
      Insert_priv = #{insert_priv,jdbcType=CHAR},
      Update_priv = #{update_priv,jdbcType=CHAR},
      Delete_priv = #{delete_priv,jdbcType=CHAR},
      Create_priv = #{create_priv,jdbcType=CHAR},
      Drop_priv = #{drop_priv,jdbcType=CHAR},
      Grant_priv = #{grant_priv,jdbcType=CHAR},
      References_priv = #{references_priv,jdbcType=CHAR},
      Index_priv = #{index_priv,jdbcType=CHAR},
      Alter_priv = #{alter_priv,jdbcType=CHAR},
      Create_tmp_table_priv = #{create_tmp_table_priv,jdbcType=CHAR},
      Lock_tables_priv = #{lock_tables_priv,jdbcType=CHAR},
      Create_view_priv = #{create_view_priv,jdbcType=CHAR},
      Show_view_priv = #{show_view_priv,jdbcType=CHAR},
      Create_routine_priv = #{create_routine_priv,jdbcType=CHAR},
      Alter_routine_priv = #{alter_routine_priv,jdbcType=CHAR},
      Execute_priv = #{execute_priv,jdbcType=CHAR},
      Event_priv = #{event_priv,jdbcType=CHAR},
      Trigger_priv = #{trigger_priv,jdbcType=CHAR}
    where Host = #{host,jdbcType=CHAR}
      and Db = #{db,jdbcType=CHAR}
      and User = #{user,jdbcType=CHAR}
  </update>
</mapper>